{"cameraMode":{"drawMode":0,"name":"Shaded","section":"Shading Mode"},"sceneLighting":false,"audioPlay":false,"sceneViewState":{"showFog":true,"showMaterialUpdate":false,"showSkybox":false,"showFlares":true,"showImageEffects":true,"showParticleSystems":true},"in2DMode":false,"pivot":{"x":154.34768676757813,"y":239.52621459960938,"z":-124.66197204589844},"rotation":{"x":-0.3534483313560486,"y":0.6222127079963684,"z":-0.37197789549827578,"w":-0.591253936290741},"size":1395.275634765625,"orthographic":false}