{"cameraMode":{"drawMode":0,"name":"Shaded","section":"Shading Mode"},"sceneLighting":false,"audioPlay":false,"sceneViewState":{"showFog":true,"showMaterialUpdate":false,"showSkybox":false,"showFlares":true,"showImageEffects":true,"showParticleSystems":true},"in2DMode":false,"pivot":{"x":-106.93475341796875,"y":25.435150146484376,"z":44.613494873046878},"rotation":{"x":0.2991069257259369,"y":-0.4586206376552582,"z":0.16731400787830354,"w":0.8198949098587036},"size":517.055908203125,"orthographic":false}