{"cameraMode":{"drawMode":0,"name":"Shaded","section":"Shading Mode"},"sceneLighting":false,"audioPlay":false,"sceneViewState":{"showFog":true,"showMaterialUpdate":false,"showSkybox":false,"showFlares":true,"showImageEffects":true,"showParticleSystems":true},"in2DMode":false,"pivot":{"x":1077.408447265625,"y":312.22454833984377,"z":112.40982055664063},"rotation":{"x":0.2949654459953308,"y":0.11826708167791367,"z":-0.03680506721138954,"w":0.9474585652351379},"size":593.0576171875,"orthographic":false}