{"cameraMode":{"drawMode":0,"name":"Shaded","section":"Shading Mode"},"sceneLighting":false,"audioPlay":false,"sceneViewState":{"showFog":true,"showMaterialUpdate":false,"showSkybox":false,"showFlares":true,"showImageEffects":true,"showParticleSystems":true},"in2DMode":false,"pivot":{"x":-106.65435791015625,"y":-1170.0791015625,"z":1516.06005859375},"rotation":{"x":-0.17188839614391328,"y":0.8281009197235107,"z":-0.3805934488773346,"w":-0.37398451566696169},"size":4.357883930206299,"orthographic":false}